{"accuracy": [0.20278330147266388, 0.17892643809318542, 0.21272365748882294, 0.21073558926582336, 0.22664016485214233, 0.23459245264530182, 0.24453280866146088, 0.28031808137893677, 0.3200795352458954, 0.3737574517726898, 0.4314115345478058, 0.5268389582633972, 0.622266411781311, 0.6500993967056274, 0.654075562953949], "loss": [34.25908279418945, 1.7917722463607788, 1.7888103723526, 1.7773687839508057, 1.764664888381958, 1.7417712211608887, 1.7166063785552979, 1.6462583541870117, 1.5262051820755005, 1.5104860067367554, 1.3538110256195068, 1.1695770025253296, 1.0241135358810425, 0.972057580947876, 0.9297015070915222], "val_accuracy": [0.18965516984462738, 0.18965516984462738, 0.22413793206214905, 0.18965516984462738, 0.2068965584039688, 0.22413793206214905, 0.22413793206214905, 0.3448275923728943, 0.4655172526836395, 0.5, 0.7241379022598267, 0.7758620977401733, 0.8275862336158752, 0.8275862336158752, 0.8275862336158752], "val_loss": [1.791874885559082, 1.793723702430725, 1.7860510349273682, 1.769176959991455, 1.7520514726638794, 1.7416244745254517, 1.6963903903961182, 1.6125574111938477, 1.3771880865097046, 1.3897523880004883, 1.221204161643982, 1.0835129022598267, 0.8325703144073486, 0.9260048866271973, 0.8194553852081299]}